<?xml version="1.0" encoding="UTF-8" standalone="no"?>
<module codename="org.openide.explorer">
    <module_version install_time="1259968528276" last="false" origin="installer" specification_version="6.22.1.1">
        <file crc="761776430" name="config/ModuleAutoDeps/org-openide-explorer.xml"/>
        <file crc="4179189004" name="config/Modules/org-openide-explorer.xml"/>
        <file crc="594510792" name="modules/org-openide-explorer.jar"/>
    </module_version>
    <module_version install_time="1266082245868" last="true" origin="NetBeans" specification_version="6.22.2.1">
        <file crc="538217899" name="modules/locale/org-openide-explorer_ja.jar"/>
        <file crc="397709615" name="modules/locale/org-openide-explorer_pt_BR.jar"/>
        <file crc="3081244492" name="modules/locale/org-openide-explorer_zh_CN.jar"/>
        <file crc="761776430" name="config/ModuleAutoDeps/org-openide-explorer.xml"/>
        <file crc="3227643980" name="config/Modules/org-openide-explorer.xml"/>
        <file crc="994899163" name="modules/org-openide-explorer.jar"/>
    </module_version>
</module>
